{"cameraMode":{"drawMode":0,"name":"Shaded","section":"Shading Mode"},"sceneLighting":true,"audioPlay":false,"sceneViewState":{"showFog":true,"showMaterialUpdate":false,"showSkybox":true,"showFlares":true,"showImageEffects":true,"showParticleSystems":true},"in2DMode":false,"pivot":{"x":919.5999755859375,"y":113.89990234375,"z":0.0},"rotation":{"x":0.0414094477891922,"y":-0.020987462252378465,"z":-0.00023547836462967098,"w":0.9990678429603577},"size":486.60491943359377,"orthographic":true}