{"cameraMode":{"drawMode":0,"name":"Shaded","section":"Shading Mode"},"sceneLighting":true,"audioPlay":false,"sceneViewState":{"showFog":true,"showMaterialUpdate":false,"showSkybox":true,"showFlares":true,"showImageEffects":true,"showParticleSystems":true},"in2DMode":false,"pivot":{"x":0.1825302541255951,"y":-1.755317211151123,"z":4.638579368591309},"rotation":{"x":-0.7013636231422424,"y":0.0014950291952118278,"z":-0.0014711584663018585,"w":-0.7128024697303772},"size":6.2028326988220219,"orthographic":false}