{"cameraMode":{"drawMode":0,"name":"Shaded","section":"Shading Mode"},"sceneLighting":true,"audioPlay":false,"sceneViewState":{"showFog":true,"showMaterialUpdate":false,"showSkybox":true,"showFlares":true,"showImageEffects":true,"showParticleSystems":true},"in2DMode":false,"pivot":{"x":0.2470722198486328,"y":0.24922895431518556,"z":-0.1693258285522461},"rotation":{"x":0.17306864261627198,"y":0.025113152340054513,"z":-0.004413468763232231,"w":0.9845848083496094},"size":1.955652117729187,"orthographic":true}