{"cameraMode":{"drawMode":0,"name":"Shaded","section":"Shading Mode"},"sceneLighting":true,"audioPlay":false,"sceneViewState":{"showFog":true,"showMaterialUpdate":false,"showSkybox":true,"showFlares":true,"showImageEffects":true,"showParticleSystems":true},"in2DMode":false,"pivot":{"x":-0.3386516571044922,"y":-0.10154247283935547,"z":-0.49414491653442385},"rotation":{"x":0.7217552661895752,"y":-0.024883680045604707,"z":0.026005588471889497,"w":0.6912283897399902},"size":1.4550046920776368,"orthographic":true}